gene,Ctl,LT,log2FC_LT,p_LT,n_LT,LT_B,log2FC_LT_B,p_LT_B,n_LT_B,IL33,log2FC_IL33,p_IL33,n_IL33,IgE,log2FC_IgE,p_IgE,n_IgE
TNFRSF9,102.831942366,132.67807701560113,0.26376024860983277,0.16659341725649057,4,767.684704851392,2.9685047730476977,0.002868636658431008,4,9079.398206158772,6.530268752990431,0.0009344422872133118,4,4148.11369598563,5.510854100713989,0.0011421201282677792,4
TNFSF9,6.792137445764263,7.441213754666998,0.04043514880426108,0.8762536786547908,4,36.766222025092475,2.104966803272324,0.015386794226686663,4,1048.7522785612753,6.526952083992498,0.002626797585456309,4,101.20345076771397,3.5831738953128447,0.0022482671214184434,4
TNFRSF4,285.120849048892,317.04535029254146,0.10793499028204534,0.4818428992723592,4,359.5124629933835,0.3295197743000279,0.030517419022857158,4,1936.8141548048075,2.5827195265094316,0.004307732937244372,4,419.03883677103624,0.5282532642352702,0.024148349798870747,4
TNFRSF18,76.27068036833944,111.11690162680596,0.4964440998679043,0.04803790142729198,4,149.65794654240602,1.0729863969999274,0.08651164226237697,4,1696.4382350837673,4.38188685423321,6.941442991881258e-05,4,339.867958340947,2.2473629966701894,0.0035861342331535502,4
TNF,7.635437523926149,10.564686295814315,0.6786410174223129,0.2649329168192836,4,363.0634845517465,5.826756010399836,0.0015579608332470577,4,844.7574686855723,6.697794239557388,0.000812387505544479,4,2175.163958362195,8.417348369701992,0.0008857214709071835,4
IL6,0.2533896798334025,0.0,-0.2524368861806979,0.3910022189557705,4,7.171342785183775,2.1723976127399185,0.07568070367406342,4,135.04450221331604,5.481837538547569,0.008183804743256107,4,0.29881381646995,0.031160290605322275,0.3910022189557705,4
CXCL8,0.7404201325780022,5.731016414684088,1.7369751499537682,0.034443917963941466,4,47.41926993128243,4.593003217430698,0.005236147140400772,4,6832.324602182694,11.544299320133035,0.00018312788930849257,4,8428.732883405208,12.031952551788791,0.00035927152494510896,4
CCL1,85.50847086127457,125.18662528484641,0.5397752478170967,0.010255954509129745,4,569.738819713766,2.279061059588705,0.01919769648818494,4,10980.373117424975,6.829146994875458,0.0001940695576058903,4,86809.81927769806,10.076620917586565,7.048910970752672e-05,4
NR4A1,418.13437101057775,420.582091015288,0.00790449790042528,0.8949293885943579,4,341.92620244186753,-0.3900889295555076,0.3013526419993477,4,195.87484871484597,-1.101181956913588,0.003940653193618954,4,3614.3425491761745,2.937020784115854,0.004338797332791564,4
EGR1,1347.6615271590576,1248.1669194127485,-0.17197072877227831,0.465505273105132,4,1590.061293416827,0.13575103634118416,0.7201236177723386,4,432.30047519805123,-1.7711602287494057,0.009912977804711495,4,200.66414482571474,-2.796805737011963,0.0050636787171525685,4
IL13,0.7427298561336922,0.9115848050415573,0.19616233659821045,0.7950615752412016,4,130.09640228535878,5.928057446502677,0.008039672728506291,4,8122.659955706895,11.453617765874021,0.001470054327812927,4,313.05261146234875,7.620217818868156,8.85774309737574e-05,4
CSF2,7.8281011695259695,12.470574463052298,0.7668694263894295,0.14437605203061815,4,199.30930690135676,4.674128421575929,0.0012844634686720808,4,21633.15372737323,11.196680292353824,0.0005620298036974707,4,12940.272100916623,10.594034068074695,6.900989541959312e-05,4
PTGS2,4584.20499730181,5183.785641269572,0.18773608568788203,0.21292335583489994,4,4851.474435923785,0.10469085424174082,0.7949803064725459,4,75229.00485184576,4.094190333681683,0.00514326078604171,4,29493.947132286652,2.559789650714588,0.04297671453066307,4
IL1RL1,13328.037683360739,14622.994306928596,0.14213027083274796,0.023599809651142507,4,14562.31723246525,0.16793792729469487,0.3008100190924502,4,45713.1040485914,1.8078706004218295,0.0016073427919356597,4,23206.746669437176,0.8096899586056301,0.114282486249,4
ACTB,75181.13199964707,79570.6104580123,0.07868848115703864,0.01868538930965707,4,142187.62766034176,0.921723503746933,0.0012658548918311832,4,100747.11984337875,0.41845498455189156,0.10861082822969727,4,170013.460236731,1.174830670158982,0.012706243911509851,4
GAPDH,25617.654574385473,30406.228258715222,0.26430714077263484,0.034597807942463234,4,27836.907677238527,0.11446057030449475,0.29273287841591045,4,23945.862661986124,-0.07137443953974994,0.16658094342480922,4,42786.604068009896,0.8895658603108686,0.05034143539390527,4
B2M,93046.63629407607,87382.4006850092,-0.08987688639795613,0.05126191711375868,4,364638.41523108573,1.9819583140592374,2.7560551051990317e-05,4,146937.7844921525,0.6315915350337407,0.005584625053897581,4,103191.36778237676,0.1488999388671425,0.30203145074646853,4
RPL13A,19124.23697475832,18374.3550255175,-0.05716103994246877,0.217413729074702,4,21137.617791179626,0.14299443189795744,0.018725109125609506,4,18508.232858205123,-0.052026373210758876,0.27845564506229276,4,18302.450752840723,-0.0618328149874278,0.12203671210262632,4
TMSB4X,59424.11226943428,57667.32595584075,-0.045641914757819826,0.16403543183626937,4,70129.64193338447,0.23937628574777348,0.0034756768191281933,4,87387.62702101463,0.545779339020272,0.01155343738578286,4,67878.09332066445,0.1884143280854131,0.11821893528305377,4
TPSAB1,675753.110086979,648116.5069602593,-0.041053468864805494,0.6057410757464438,4,657243.369359504,-0.02133881500975041,0.7270434287167207,4,703745.560112027,0.06244222728505544,0.36969515857189267,4,599236.0730674225,-0.15661147792064534,0.047822700366256965,4
TPSB2,591293.8042137218,563537.1898896497,-0.038649164655361216,0.6331222605208142,4,569444.7954961965,-0.027337550542527386,0.6596945269548781,4,612681.4398052577,0.06383032456341795,0.30804748791879344,4,522376.5965087892,-0.15585988723653163,0.04500178803556514,4
CPA3,410405.29712562176,399623.48741466994,-0.0423180291828633,0.4637249057759089,4,288516.76025618904,-0.5079778095736105,0.0018978500517978251,4,329274.366354428,-0.3214116417791453,0.00259333448174902,4,339170.58708029974,-0.2880455665166691,0.03316608263169268,4
KIT,146957.84205127502,143782.96295827924,-0.02589454647004688,0.6070979725908422,4,138698.81977204,-0.07587765713198115,0.45145573550892115,4,150366.2939788915,0.03417253785394506,0.7004020844034609,4,46834.10105037938,-1.70310475074733,0.0035530601829555013,4
MS4A2,86023.01079616722,80987.68016616348,-0.09093464987736428,0.13429549867387228,4,43358.65940985593,-1.018735899680981,0.007774821778704792,4,45147.54550055087,-0.9429620882482412,0.004192114289382745,4,33274.30497187675,-1.3764970095738045,0.00034939707311656157,4
