term,log2FC,se_log2,ci_lo,ci_hi,p,content,arm,n_spots,donors
content,-0.050229371326379876,1.1232719346676734,-2.2518423632750197,2.15138362062226,0.9643328688605303,Mast,Healthy,4010,6
content,1.1348461260285696,0.3753378738603255,0.39918389326233156,1.870508358794808,0.002498424864609791,Mast,AD_NL,3727,6
content,0.03988534975120766,0.30672832950793183,-0.5613021760843386,0.6410728755867541,0.896538912658531,Mast,AD_LS,5625,7
content,-0.34472380158620697,0.7544717540884534,-1.8234884395995754,1.1340408364271617,0.6477375343298477,Fibroblasts,Healthy,4010,6
content,0.7308818718965596,0.4777220546529778,-0.2054533552232767,1.667217099016396,0.12603376188755638,Fibroblasts,AD_NL,3727,6
content,0.09101680292280948,0.29341948205131807,-0.48408538189777395,0.666118987743393,0.7564138473347221,Fibroblasts,AD_LS,5625,7
content,0.5107463739834072,0.9360297150730583,-1.323871867559787,2.3453646155266012,0.5853052549775013,Keratinocytes,Healthy,4010,6
content,-0.12802837853288485,0.18814258300370115,-0.49678784122013914,0.2407310841543694,0.4961968346111503,Keratinocytes,AD_NL,3727,6
content,-0.5506101095993121,0.3632685902420181,-1.2626165464736676,0.1613963272750434,0.1295925066406048,Keratinocytes,AD_LS,5625,7
